,0
name,Binance
year_established,2017
country,Cayman Islands
description,
url,https://www.binance.com/
image,https://assets.coingecko.com/markets/images/52/small/binance.jpg?1519353250
facebook_url,https://www.facebook.com/binanceexchange
reddit_url,https://www.reddit.com/r/binance/
telegram_url,
slack_url,
other_url_1,https://medium.com/binanceexchange
other_url_2,https://steemit.com/@binanceexchange
twitter_handle,binance
has_trading_incentive,False
centralized,True
public_notice,
alert_notice,
trust_score,10
trust_score_rank,1
trade_volume_24h_btc,1266549.7138255576
trade_volume_24h_btc_normalized,1266549.7138255576
tickers,"[{'base': 'BUSD', 'target': 'USDT', 'market': {'name': 'Binance', 'identifier': 'binance', 'has_trading_incentive': False}, 'last': 0.9997, 'volume': 1212210710.9314795, 'converted_last': {'btc': 4.707e-05, 'eth': 0.00058383, 'usd': 1.0}, 'converted_volume': {'btc': 57059, 'eth': 707725, 'usd': 1212502530}, 'trust_score': 'green', 'bid_ask_spread_percentage': 0.010002, 'timestamp': '2022-09-09T19:24:53+00:00', 'last_traded_at': '2022-09-09T19:24:53+00:00', 'last_fetch_at': '2022-09-09T19:24:53+00:00', 'is_anomaly': False, 'is_stale': False, 'trade_url': 'https://www.binance.com/en/trade/BUSD_USDT?ref=37754157', 'token_info_url': None, 'coin_id': 'binance-usd', 'target_coin_id': 'tether'}, {'base': 'BTC', 'target': 'USDT', 'market': {'name': 'Binance', 'identifier': 'binance', 'has_trading_incentive': False}, 'last': 21285.79, 'volume': 391144.2439959013, 'converted_last': {'btc': 1.000279, 'eth': 12.415815, 'usd': 21290}, 'converted_volume': {'btc': 391253, 'eth': 4856375, 'usd': 8327608398}, 'trust_score': 'green', 'bid_ask_spread_percentage': 0.012912, 'timestamp': '2022-09-09T19:29:49+00:00', 'last_traded_at': '2022-09-09T19:29:49+00:00', 'last_fetch_at': '2022-09-09T19:29:49+00:00', 'is_anomaly': False, 'is_stale': False, 'trade_url': 'https://www.binance.com/en/trade/BTC_USDT?ref=37754157', 'token_info_url': None, 'coin_id': 'bitcoin', 'target_coin_id': 'tether'}, {'base': 'USDC', 'target': 'USDT', 'market': {'name': 'Binance', 'identifier': 'binance', 'has_trading_incentive': False}, 'last': 0.9997, 'volume': 220864647.33890167, 'converted_last': {'btc': 4.698e-05, 'eth': 0.00058366, 'usd': 1.0}, 'converted_volume': {'btc': 10375, 'eth': 128910, 'usd': 220868479}, 'trust_score': 'green', 'bid_ask_spread_percentage': 0.010002, 'timestamp': '2022-09-09T19:34:48+00:00', 'last_traded_at': '2022-09-09T19:34:48+00:00', 'last_fetch_at': '2022-09-09T19:34:48+00:00', 'is_anomaly': False, 'is_stale': False, 'trade_url': 'https://www.binance.com/en/trade/USDC_USDT?ref=37754157', 'token_info_url': None, 'coin_id': 'usd-coin', 'target_coin_id': 'tether'}, {'base': 'BTC', 'target': 'BUSD', 'market': {'name': 'Binance', 'identifier': 'binance', 'has_trading_incentive': False}, 'last': 21291.66, 'volume': 130925.06959878952, 'converted_last': {'btc': 1.004345, 'eth': 12.461565, 'usd': 21376}, 'converted_volume': {'btc': 131494, 'eth': 1631531, 'usd': 2798593631}, 'trust_score': 'green', 'bid_ask_spread_percentage': 0.018735, 'timestamp': '2022-09-09T19:28:53+00:00', 'last_traded_at': '2022-09-09T19:28:53+00:00', 'last_fetch_at': '2022-09-09T19:28:53+00:00', 'is_anomaly': False, 'is_stale': False, 'trade_url': 'https://www.binance.com/en/trade/BTC_BUSD?ref=37754157', 'token_info_url': None, 'coin_id': 'bitcoin', 'target_coin_id': 'binance-usd'}, {'base': 'ETH', 'target': 'BUSD', 'market': {'name': 'Binance', 'identifier': 'binance', 'has_trading_incentive': False}, 'last': 1712.05, 'volume': 1324118.5046409965, 'converted_last': {'btc': 0.08040942, 'eth': 0.99883807, 'usd': 1711.77}, 'converted_volume': {'btc': 106472, 'eth': 1322580, 'usd': 2266592320}, 'trust_score': 'green', 'bid_ask_spread_percentage': 0.012877, 'timestamp': '2022-09-09T19:33:02+00:00', 'last_traded_at': '2022-09-09T19:33:02+00:00', 'last_fetch_at': '2022-09-09T19:33:02+00:00', 'is_anomaly': False, 'is_stale': False, 'trade_url': 'https://www.binance.com/en/trade/ETH_BUSD?ref=37754157', 'token_info_url': None, 'coin_id': 'ethereum', 'target_coin_id': 'binance-usd'}, {'base': 'ETH', 'target': 'USDT', 'market': {'name': 'Binance', 'identifier': 'binance', 'has_trading_incentive': False}, 'last': 1711.75, 'volume': 809485.8267517354, 'converted_last': {'btc': 0.080695, 'eth': 1.000041, 'usd': 1709.25}, 'converted_volume': {'btc': 65321, 'eth': 809519, 'usd': 1383613994}, 'trust_score': 'green', 'bid_ask_spread_percentage': 0.010584, 'timestamp': '2022-09-09T19:17:40+00:00', 'last_traded_at': '2022-09-09T19:17:40+00:00', 'last_fetch_at': '2022-09-09T19:17:40+00:00', 'is_anomaly': False, 'is_stale': False, 'trade_url': 'https://www.binance.com/en/trade/ETH_USDT?ref=37754157', 'token_info_url': None, 'coin_id': 'ethereum', 'target_coin_id': 'tether'}, {'base': 'USDC', 'target': 'BUSD', 'market': {'name': 'Binance', 'identifier': 'binance', 'has_trading_incentive': False}, 'last': 0.9999, 'volume': 88612827.87821083, 'converted_last': {'btc': 4.717e-05, 'eth': 0.00058502, 'usd': 1.002}, 'converted_volume': {'btc': 4180, 'eth': 51840, 'usd': 88814689}, 'trust_score': 'green', 'bid_ask_spread_percentage': 0.02, 'timestamp': '2022-09-09T19:24:05+00:00', 'last_traded_at': '2022-09-09T19:24:05+00:00', 'last_fetch_at': '2022-09-09T19:24:05+00:00', 'is_anomaly': False, 'is_stale': False, 'trade_url': 'https://www.binance.com/en/trade/USDC_BUSD?ref=37754157', 'token_info_url': None, 'coin_id': 'usd-coin', 'target_coin_id': 'binance-usd'}, {'base': 'LUNC', 'target': 'BUSD', 'market': {'name': 'Binance', 'identifier': 'binance', 'has_trading_incentive': False}, 'last': 0.00043991, 'volume': 3418662498567.9946, 'converted_last': {'btc': 2.0751e-08, 'eth': 2.57351e-07, 'usd': 0.00043949}, 'converted_volume': {'btc': 70940, 'eth': 879797, 'usd': 1502453809}, 'trust_score': 'green', 'bid_ask_spread_percentage': 0.036487, 'timestamp': '2022-09-09T19:20:19+00:00', 'last_traded_at': '2022-09-09T19:20:19+00:00', 'last_fetch_at': '2022-09-09T19:20:19+00:00', 'is_anomaly': False, 'is_stale': False, 'trade_url': 'https://www.binance.com/en/trade/LUNC_BUSD?ref=37754157', 'token_info_url': None, 'coin_id': 'terra-luna', 'target_coin_id': 'binance-usd'}, {'base': 'LUNA', 'target': 'BUSD', 'market': {'name': 'Binance', 'identifier': 'binance', 'has_trading_incentive': False}, 'last': 5.1403, 'volume': 231581200.3825693, 'converted_last': {'btc': 0.00024142, 'eth': 0.00300043, 'usd': 5.14}, 'converted_volume': {'btc': 55909, 'eth': 694843, 'usd': 1190170867}, 'trust_score': 'green', 'bid_ask_spread_percentage': 0.130726, 'timestamp': '2022-09-09T19:35:59+00:00', 'last_traded_at': '2022-09-09T19:35:59+00:00', 'last_fetch_at': '2022-09-09T19:35:59+00:00', 'is_anomaly': False, 'is_stale': False, 'trade_url': 'https://www.binance.com/en/trade/LUNA_BUSD?ref=37754157', 'token_info_url': None, 'coin_id': 'terra-luna-2', 'target_coin_id': 'binance-usd'}, {'base': 'WBTC', 'target': 'BTC', 'market': {'name': 'Binance', 'identifier': 'binance', 'has_trading_incentive': False}, 'last': 1.0008, 'volume': 870.7688824040767, 'converted_last': {'btc': 1.0008, 'eth': 12.434723, 'usd': 21305}, 'converted_volume': {'btc': 871.465, 'eth': 10828, 'usd': 18551736}, 'trust_score': 'green', 'bid_ask_spread_percentage': 0.02997, 'timestamp': '2022-09-09T19:34:05+00:00', 'last_traded_at': '2022-09-09T19:34:05+00:00', 'last_fetch_at': '2022-09-09T19:34:05+00:00', 'is_anomaly': False, 'is_stale': False, 'trade_url': 'https://www.binance.com/en/trade/WBTC_BTC?ref=37754157', 'token_info_url': None, 'coin_id': 'wrapped-bitcoin', 'target_coin_id': 'bitcoin'}, {'base': 'ETC', 'target': 'USDT', 'market': {'name': 'Binance', 'identifier': 'binance', 'has_trading_incentive': False}, 'last': 38.73, 'volume': 5631709.895907565, 'converted_last': {'btc': 0.00181933, 'eth': 0.02260478, 'usd': 38.73}, 'converted_volume': {'btc': 10246, 'eth': 127304, 'usd': 218115259}, 'trust_score': 'green', 'bid_ask_spread_percentage': 0.025813, 'timestamp': '2022-09-09T19:34:04+00:00', 'last_traded_at': '2022-09-09T19:34:04+00:00', 'last_fetch_at': '2022-09-09T19:34:04+00:00', 'is_anomaly': False, 'is_stale': False, 'trade_url': 'https://www.binance.com/en/trade/ETC_USDT?ref=37754157', 'token_info_url': None, 'coin_id': 'ethereum-classic', 'target_coin_id': 'tether'}, {'base': 'ETH', 'target': 'BTC', 'market': {'name': 'Binance', 'identifier': 'binance', 'has_trading_incentive': False}, 'last': 0.080559, 'volume': 123387.42405876439, 'converted_last': {'btc': 0.080559, 'eth': 0.99902077, 'usd': 1706.14}, 'converted_volume': {'btc': 9940, 'eth': 123267, 'usd': 210516127}, 'trust_score': 'green', 'bid_ask_spread_percentage': 0.011241, 'timestamp': '2022-09-09T19:19:44+00:00', 'last_traded_at': '2022-09-09T19:19:44+00:00', 'last_fetch_at': '2022-09-09T19:19:44+00:00', 'is_anomaly': False, 'is_stale': False, 'trade_url': 'https://www.binance.com/en/trade/ETH_BTC?ref=37754157', 'token_info_url': None, 'coin_id': 'ethereum', 'target_coin_id': 'bitcoin'}, {'base': 'BTC', 'target': 'USDC', 'market': {'name': 'Binance', 'identifier': 'binance', 'has_trading_incentive': False}, 'last': 21256.8, 'volume': 16433.425136363658, 'converted_last': {'btc': 1.001916, 'eth': 12.425681, 'usd': 21220}, 'converted_volume': {'btc': 16465, 'eth': 204197, 'usd': 348712009}, 'trust_score': 'green', 'bid_ask_spread_percentage': 0.018438, 'timestamp': '2022-09-09T19:20:49+00:00', 'last_traded_at': '2022-09-09T19:20:49+00:00', 'last_fetch_at': '2022-09-09T19:20:49+00:00', 'is_anomaly': False, 'is_stale': False, 'trade_url': 'https://www.binance.com/en/trade/BTC_USDC?ref=37754157', 'token_info_url': None, 'coin_id': 'bitcoin', 'target_coin_id': 'usd-coin'}, {'base': 'BETH', 'target': 'ETH', 'market': {'name': 'Binance', 'identifier': 'binance', 'has_trading_incentive': False}, 'last': 0.954, 'volume': 1625.0845289937106, 'converted_last': {'btc': 0.07687332, 'eth': 0.95337671, 'usd': 1628.11}, 'converted_volume': {'btc': 124.926, 'eth': 1549, 'usd': 2645813}, 'trust_score': 'green', 'bid_ask_spread_percentage': 0.020969, 'timestamp': '2022-09-09T19:20:59+00:00', 'last_traded_at': '2022-09-09T19:20:59+00:00', 'last_fetch_at': '2022-09-09T19:20:59+00:00', 'is_anomaly': False, 'is_stale': False, 'trade_url': 'https://www.binance.com/en/trade/BETH_ETH?ref=37754157', 'token_info_url': None, 'coin_id': 'binance-eth', 'target_coin_id': 'ethereum'}, {'base': 'ETH', 'target': 'USDC', 'market': {'name': 'Binance', 'identifier': 'binance', 'has_trading_incentive': False}, 'last': 1711.59, 'volume': 49473.43260045922, 'converted_last': {'btc': 0.0804084, 'eth': 0.99748582, 'usd': 1711.69}, 'converted_volume': {'btc': 3978, 'eth': 49349, 'usd': 84683096}, 'trust_score': 'green', 'bid_ask_spread_percentage': 0.010584, 'timestamp': '2022-09-09T19:26:46+00:00', 'last_traded_at': '2022-09-09T19:26:46+00:00', 'last_fetch_at': '2022-09-09T19:26:46+00:00', 'is_anomaly': False, 'is_stale': False, 'trade_url': 'https://www.binance.com/en/trade/ETH_USDC?ref=37754157', 'token_info_url': None, 'coin_id': 'ethereum', 'target_coin_id': 'usd-coin'}, {'base': 'SOL', 'target': 'USDT', 'market': {'name': 'Binance', 'identifier': 'binance', 'has_trading_incentive': False}, 'last': 34.65, 'volume': 3652796.5088023087, 'converted_last': {'btc': 0.00163346, 'eth': 0.02025676, 'usd': 34.59}, 'converted_volume': {'btc': 5967, 'eth': 73994, 'usd': 126367510}, 'trust_score': 'green', 'bid_ask_spread_percentage': 0.028994, 'timestamp': '2022-09-09T19:19:59+00:00', 'last_traded_at': '2022-09-09T19:19:59+00:00', 'last_fetch_at': '2022-09-09T19:19:59+00:00', 'is_anomaly': False, 'is_stale': False, 'trade_url': 'https://www.binance.com/en/trade/SOL_USDT?ref=37754157', 'token_info_url': None, 'coin_id': 'solana', 'target_coin_id': 'tether'}, {'base': 'LUNA', 'target': 'USDT', 'market': {'name': 'Binance', 'identifier': 'binance', 'has_trading_incentive': False}, 'last': 4.895, 'volume': 153455369.82504535, 'converted_last': {'btc': 0.00023002, 'eth': 0.00285789, 'usd': 4.9}, 'converted_volume': {'btc': 35297, 'eth': 438558, 'usd': 751402488}, 'trust_score': 'green', 'bid_ask_spread_percentage': 0.091995, 'timestamp': '2022-09-09T19:34:58+00:00', 'last_traded_at': '2022-09-09T19:34:58+00:00', 'last_fetch_at': '2022-09-09T19:34:58+00:00', 'is_anomaly': False, 'is_stale': False, 'trade_url': 'https://www.binance.com/en/trade/LUNA_USDT?ref=37754157', 'token_info_url': None, 'coin_id': 'terra-luna-2', 'target_coin_id': 'tether'}, {'base': 'BNB', 'target': 'USDT', 'market': {'name': 'Binance', 'identifier': 'binance', 'has_trading_incentive': False}, 'last': 290.7, 'volume': 508965.79526315787, 'converted_last': {'btc': 0.01368743, 'eth': 0.16972051, 'usd': 290.84}, 'converted_volume': {'btc': 6966, 'eth': 86382, 'usd': 148027415}, 'trust_score': 'green', 'bid_ask_spread_percentage': 0.034388, 'timestamp': '2022-09-09T19:23:48+00:00', 'last_traded_at': '2022-09-09T19:23:48+00:00', 'last_fetch_at': '2022-09-09T19:23:48+00:00', 'is_anomaly': False, 'is_stale': False, 'trade_url': 'https://www.binance.com/en/trade/BNB_USDT?ref=37754157', 'token_info_url': None, 'coin_id': 'binancecoin', 'target_coin_id': 'tether'}, {'base': 'XRP', 'target': 'USDT', 'market': {'name': 'Binance', 'identifier': 'binance', 'has_trading_incentive': False}, 'last': 0.3509, 'volume': 310456379.2841265, 'converted_last': {'btc': 1.654e-05, 'eth': 0.000205, 'usd': 0.350388}, 'converted_volume': {'btc': 5136, 'eth': 63645, 'usd': 108780066}, 'trust_score': 'green', 'bid_ask_spread_percentage': 0.028498, 'timestamp': '2022-09-09T19:17:47+00:00', 'last_traded_at': '2022-09-09T19:17:47+00:00', 'last_fetch_at': '2022-09-09T19:17:47+00:00', 'is_anomaly': False, 'is_stale': False, 'trade_url': 'https://www.binance.com/en/trade/XRP_USDT?ref=37754157', 'token_info_url': None, 'coin_id': 'ripple', 'target_coin_id': 'tether'}, {'base': 'BUSD', 'target': 'TRY', 'market': {'name': 'Binance', 'identifier': 'binance', 'has_trading_incentive': False}, 'last': 18.386, 'volume': 64956030.034210816, 'converted_last': {'btc': 4.739e-05, 'eth': 0.00058796, 'usd': 1.009}, 'converted_volume': {'btc': 3078, 'eth': 38191, 'usd': 65510353}, 'trust_score': 'green', 'bid_ask_spread_percentage': 0.015437, 'timestamp': '2022-09-09T19:28:55+00:00', 'last_traded_at': '2022-09-09T19:28:55+00:00', 'last_fetch_at': '2022-09-09T19:28:55+00:00', 'is_anomaly': False, 'is_stale': False, 'trade_url': 'https://www.binance.com/en/trade/BUSD_TRY?ref=37754157', 'token_info_url': None, 'coin_id': 'binance-usd'}, {'base': 'ADA', 'target': 'USDT', 'market': {'name': 'Binance', 'identifier': 'binance', 'has_trading_incentive': False}, 'last': 0.4933, 'volume': 177650666.61948106, 'converted_last': {'btc': 2.323e-05, 'eth': 0.00028801, 'usd': 0.493537}, 'converted_volume': {'btc': 4126, 'eth': 51164, 'usd': 87677162}, 'trust_score': 'green', 'bid_ask_spread_percentage': 0.020383, 'timestamp': '2022-09-09T19:23:51+00:00', 'last_traded_at': '2022-09-09T19:23:51+00:00', 'last_fetch_at': '2022-09-09T19:23:51+00:00', 'is_anomaly': False, 'is_stale': False, 'trade_url': 'https://www.binance.com/en/trade/ADA_USDT?ref=37754157', 'token_info_url': None, 'coin_id': 'cardano', 'target_coin_id': 'tether'}, {'base': 'ATOM', 'target': 'USDT', 'market': {'name': 'Binance', 'identifier': 'binance', 'has_trading_incentive': False}, 'last': 15.971, 'volume': 10000092.111371236, 'converted_last': {'btc': 0.00075052, 'eth': 0.00932128, 'usd': 15.98}, 'converted_volume': {'btc': 7505, 'eth': 93214, 'usd': 159763503}, 'trust_score': 'green', 'bid_ask_spread_percentage': 0.018761, 'timestamp': '2022-09-09T19:30:50+00:00', 'last_traded_at': '2022-09-09T19:30:50+00:00', 'last_fetch_at': '2022-09-09T19:30:50+00:00', 'is_anomaly': False, 'is_stale': False, 'trade_url': 'https://www.binance.com/en/trade/ATOM_USDT?ref=37754157', 'token_info_url': None, 'coin_id': 'cosmos', 'target_coin_id': 'tether'}, {'base': 'MATIC', 'target': 'USDT', 'market': {'name': 'Binance', 'identifier': 'binance', 'has_trading_incentive': False}, 'last': 0.8838, 'volume': 68379205.6866825, 'converted_last': {'btc': 4.158e-05, 'eth': 0.00051518, 'usd': 0.880774}, 'converted_volume': {'btc': 2843, 'eth': 35227, 'usd': 60226612}, 'trust_score': 'green', 'bid_ask_spread_percentage': 0.011308, 'timestamp': '2022-09-09T19:16:56+00:00', 'last_traded_at': '2022-09-09T19:16:56+00:00', 'last_fetch_at': '2022-09-09T19:16:56+00:00', 'is_anomaly': False, 'is_stale': False, 'trade_url': 'https://www.binance.com/en/trade/MATIC_USDT?ref=37754157', 'token_info_url': None, 'coin_id': 'matic-network', 'target_coin_id': 'tether'}, {'base': 'AVAX', 'target': 'USDT', 'market': {'name': 'Binance', 'identifier': 'binance', 'has_trading_incentive': False}, 'last': 20.26, 'volume': 2339105.8659871668, 'converted_last': {'btc': 0.00095201, 'eth': 0.01183068, 'usd': 20.27}, 'converted_volume': {'btc': 2227, 'eth': 27673, 'usd': 47403383}, 'trust_score': 'green', 'bid_ask_spread_percentage': 0.049383, 'timestamp': '2022-09-09T19:36:00+00:00', 'last_traded_at': '2022-09-09T19:36:00+00:00', 'last_fetch_at': '2022-09-09T19:36:00+00:00', 'is_anomaly': False, 'is_stale': False, 'trade_url': 'https://www.binance.com/en/trade/AVAX_USDT?ref=37754157', 'token_info_url': None, 'coin_id': 'avalanche-2', 'target_coin_id': 'tether'}, {'base': 'USDT', 'target': 'TRY', 'market': {'name': 'Binance', 'identifier': 'binance', 'has_trading_incentive': False}, 'last': 18.39, 'volume': 71783514.15606308, 'converted_last': {'btc': 4.738e-05, 'eth': 0.00058866, 'usd': 1.009}, 'converted_volume': {'btc': 3401, 'eth': 42256, 'usd': 72410362}, 'trust_score': 'green', 'bid_ask_spread_percentage': 0.015439, 'timestamp': '2022-09-09T19:32:02+00:00', 'last_traded_at': '2022-09-09T19:32:02+00:00', 'last_fetch_at': '2022-09-09T19:32:02+00:00', 'is_anomaly': False, 'is_stale': False, 'trade_url': 'https://www.binance.com/en/trade/USDT_TRY?ref=37754157', 'token_info_url': None, 'coin_id': 'tether'}, {'base': 'USDT', 'target': 'DAI', 'market': {'name': 'Binance', 'identifier': 'binance', 'has_trading_incentive': False}, 'last': 1.0005, 'volume': 3694610.863028486, 'converted_last': {'btc': 4.7e-05, 'eth': 0.00058307, 'usd': 1.001}, 'converted_volume': {'btc': 173.655, 'eth': 2154, 'usd': 3696670}, 'trust_score': 'green', 'bid_ask_spread_percentage': 0.019995, 'timestamp': '2022-09-09T19:26:57+00:00', 'last_traded_at': '2022-09-09T19:26:57+00:00', 'last_fetch_at': '2022-09-09T19:26:57+00:00', 'is_anomaly': False, 'is_stale': False, 'trade_url': 'https://www.binance.com/en/trade/USDT_DAI?ref=37754157', 'token_info_url': None, 'coin_id': 'tether', 'target_coin_id': 'dai'}, {'base': 'BNB', 'target': 'BUSD', 'market': {'name': 'Binance', 'identifier': 'binance', 'has_trading_incentive': False}, 'last': 290.8, 'volume': 259068.40878198075, 'converted_last': {'btc': 0.01371728, 'eth': 0.17019917, 'usd': 291.95}, 'converted_volume': {'btc': 3554, 'eth': 44093, 'usd': 75633877}, 'trust_score': 'green', 'bid_ask_spread_percentage': 0.034364, 'timestamp': '2022-09-09T19:28:53+00:00', 'last_traded_at': '2022-09-09T19:28:53+00:00', 'last_fetch_at': '2022-09-09T19:28:53+00:00', 'is_anomaly': False, 'is_stale': False, 'trade_url': 'https://www.binance.com/en/trade/BNB_BUSD?ref=37754157', 'token_info_url': None, 'coin_id': 'binancecoin', 'target_coin_id': 'binance-usd'}, {'base': 'TUSD', 'target': 'USDT', 'market': {'name': 'Binance', 'identifier': 'binance', 'has_trading_incentive': False}, 'last': 0.9998, 'volume': 9125696.243248649, 'converted_last': {'btc': 4.705e-05, 'eth': 0.00058352, 'usd': 0.996683}, 'converted_volume': {'btc': 429.372, 'eth': 5325, 'usd': 9095424}, 'trust_score': 'green', 'bid_ask_spread_percentage': 0.010002, 'timestamp': '2022-09-09T19:21:47+00:00', 'last_traded_at': '2022-09-09T19:21:47+00:00', 'last_fetch_at': '2022-09-09T19:21:47+00:00', 'is_anomaly': False, 'is_stale': False, 'trade_url': 'https://www.binance.com/en/trade/TUSD_USDT?ref=37754157', 'token_info_url': None, 'coin_id': 'true-usd', 'target_coin_id': 'tether'}, {'base': 'OP', 'target': 'USDT', 'market': {'name': 'Binance', 'identifier': 'binance', 'has_trading_incentive': False}, 'last': 1.407, 'volume': 53264366.76548685, 'converted_last': {'btc': 6.608e-05, 'eth': 0.0008197, 'usd': 1.41}, 'converted_volume': {'btc': 3520, 'eth': 43661, 'usd': 74921997}, 'trust_score': 'green', 'bid_ask_spread_percentage': 0.070822, 'timestamp': '2022-09-09T19:26:15+00:00', 'last_traded_at': '2022-09-09T19:26:15+00:00', 'last_fetch_at': '2022-09-09T19:26:15+00:00', 'is_anomaly': False, 'is_stale': False, 'trade_url': 'https://www.binance.com/en/trade/OP_USDT?ref=37754157', 'token_info_url': None, 'coin_id': 'optimism', 'target_coin_id': 'tether'}, {'base': 'LINK', 'target': 'USDT', 'market': {'name': 'Binance', 'identifier': 'binance', 'has_trading_incentive': False}, 'last': 7.677, 'volume': 7653940.330015631, 'converted_last': {'btc': 0.00036053, 'eth': 0.00447252, 'usd': 7.67}, 'converted_volume': {'btc': 2760, 'eth': 34232, 'usd': 58742930}, 'trust_score': 'green', 'bid_ask_spread_percentage': 0.013024, 'timestamp': '2022-09-09T19:27:54+00:00', 'last_traded_at': '2022-09-09T19:27:54+00:00', 'last_fetch_at': '2022-09-09T19:27:54+00:00', 'is_anomaly': False, 'is_stale': False, 'trade_url': 'https://www.binance.com/en/trade/LINK_USDT?ref=37754157', 'token_info_url': None, 'coin_id': 'chainlink', 'target_coin_id': 'tether'}, {'base': 'DOGE', 'target': 'USDT', 'market': {'name': 'Binance', 'identifier': 'binance', 'has_trading_incentive': False}, 'last': 0.06321, 'volume': 960884104.0865369, 'converted_last': {'btc': 2.98e-06, 'eth': 3.691e-05, 'usd': 0.063244}, 'converted_volume': {'btc': 2860, 'eth': 35471, 'usd': 60770337}, 'trust_score': 'green', 'bid_ask_spread_percentage': 0.01584, 'timestamp': '2022-09-09T19:24:51+00:00', 'last_traded_at': '2022-09-09T19:24:51+00:00', 'last_fetch_at': '2022-09-09T19:24:51+00:00', 'is_anomaly': False, 'is_stale': False, 'trade_url': 'https://www.binance.com/en/trade/DOGE_USDT?ref=37754157', 'token_info_url': None, 'coin_id': 'dogecoin', 'target_coin_id': 'tether'}, {'base': 'USTC', 'target': 'BUSD', 'market': {'name': 'Binance', 'identifier': 'binance', 'has_trading_incentive': False}, 'last': 0.06406006, 'volume': 3607014259.7829123, 'converted_last': {'btc': 3.02e-06, 'eth': 3.747e-05, 'usd': 0.064209}, 'converted_volume': {'btc': 10900, 'eth': 135152, 'usd': 231601047}, 'trust_score': 'green', 'bid_ask_spread_percentage': 0.010018, 'timestamp': '2022-09-09T19:23:21+00:00', 'last_traded_at': '2022-09-09T19:23:21+00:00', 'last_fetch_at': '2022-09-09T19:23:21+00:00', 'is_anomaly': False, 'is_stale': False, 'trade_url': 'https://www.binance.com/en/trade/USTC_BUSD?ref=37754157', 'token_info_url': None, 'coin_id': 'terrausd', 'target_coin_id': 'binance-usd'}, {'base': 'DOT', 'target': 'USDT', 'market': {'name': 'Binance', 'identifier': 'binance', 'has_trading_incentive': False}, 'last': 7.73, 'volume': 9550161.12549806, 'converted_last': {'btc': 0.00036441, 'eth': 0.00451934, 'usd': 7.72}, 'converted_volume': {'btc': 3480, 'eth': 43160, 'usd': 73706196}, 'trust_score': 'green', 'bid_ask_spread_percentage': 0.129366, 'timestamp': '2022-09-09T19:20:01+00:00', 'last_traded_at': '2022-09-09T19:20:01+00:00', 'last_fetch_at': '2022-09-09T19:20:01+00:00', 'is_anomaly': False, 'is_stale': False, 'trade_url': 'https://www.binance.com/en/trade/DOT_USDT?ref=37754157', 'token_info_url': None, 'coin_id': 'polkadot', 'target_coin_id': 'tether'}, {'base': 'SHIB', 'target': 'USDT', 'market': {'name': 'Binance', 'identifier': 'binance', 'has_trading_incentive': False}, 'last': 1.279e-05, 'volume': 11730179487945.043, 'converted_last': {'btc': 6.00999e-10, 'eth': 7.469e-09, 'usd': 1.279e-05}, 'converted_volume': {'btc': 7050, 'eth': 87616, 'usd': 150074101}, 'trust_score': 'green', 'bid_ask_spread_percentage': 0.078186, 'timestamp': '2022-09-09T19:35:07+00:00', 'last_traded_at': '2022-09-09T19:35:07+00:00', 'last_fetch_at': '2022-09-09T19:35:07+00:00', 'is_anomaly': False, 'is_stale': False, 'trade_url': 'https://www.binance.com/en/trade/SHIB_USDT?ref=37754157', 'token_info_url': None, 'coin_id': 'shiba-inu', 'target_coin_id': 'tether'}, {'base': 'USDP', 'target': 'BUSD', 'market': {'name': 'Binance', 'identifier': 'binance', 'has_trading_incentive': False}, 'last': 1.0, 'volume': 554541.237335, 'converted_last': {'btc': 4.717e-05, 'eth': 0.00058494, 'usd': 1.002}, 'converted_volume': {'btc': 26.158173, 'eth': 324.372, 'usd': 555811}, 'trust_score': 'green', 'bid_ask_spread_percentage': 0.019999, 'timestamp': '2022-09-09T19:19:09+00:00', 'last_traded_at': '2022-09-09T19:19:09+00:00', 'last_fetch_at': '2022-09-09T19:22:07+00:00', 'is_anomaly': False, 'is_stale': False, 'trade_url': 'https://www.binance.com/en/trade/USDP_BUSD?ref=37754157', 'token_info_url': None, 'coin_id': 'paxos-standard', 'target_coin_id': 'binance-usd'}, {'base': 'EOS', 'target': 'USDT', 'market': {'name': 'Binance', 'identifier': 'binance', 'has_trading_incentive': False}, 'last': 1.638, 'volume': 25503495.46886447, 'converted_last': {'btc': 7.694e-05, 'eth': 0.00095602, 'usd': 1.64}, 'converted_volume': {'btc': 1962, 'eth': 24382, 'usd': 41774560}, 'trust_score': 'green', 'bid_ask_spread_percentage': 0.060976, 'timestamp': '2022-09-09T19:34:02+00:00', 'last_traded_at': '2022-09-09T19:34:02+00:00', 'last_fetch_at': '2022-09-09T19:34:02+00:00', 'is_anomaly': False, 'is_stale': False, 'trade_url': 'https://www.binance.com/en/trade/EOS_USDT?ref=37754157', 'token_info_url': None, 'coin_id': 'eos', 'target_coin_id': 'tether'}, {'base': 'LTC', 'target': 'USDT', 'market': {'name': 'Binance', 'identifier': 'binance', 'has_trading_incentive': False}, 'last': 60.86, 'volume': 620667.0811117318, 'converted_last': {'btc': 0.0028598, 'eth': 0.03554184, 'usd': 60.88}, 'converted_volume': {'btc': 1775, 'eth': 22060, 'usd': 37785155}, 'trust_score': 'green', 'bid_ask_spread_percentage': 0.016437, 'timestamp': '2022-09-09T19:35:48+00:00', 'last_traded_at': '2022-09-09T19:35:48+00:00', 'last_fetch_at': '2022-09-09T19:35:48+00:00', 'is_anomaly': False, 'is_stale': False, 'trade_url': 'https://www.binance.com/en/trade/LTC_USDT?ref=37754157', 'token_info_url': None, 'coin_id': 'litecoin', 'target_coin_id': 'tether'}, {'base': 'NEAR', 'target': 'USDT', 'market': {'name': 'Binance', 'identifier': 'binance', 'has_trading_incentive': False}, 'last': 4.777, 'volume': 11383456.17768474, 'converted_last': {'btc': 0.00022447, 'eth': 0.00278949, 'usd': 4.78}, 'converted_volume': {'btc': 2555, 'eth': 31754, 'usd': 54393800}, 'trust_score': 'green', 'bid_ask_spread_percentage': 0.020925, 'timestamp': '2022-09-09T19:36:02+00:00', 'last_traded_at': '2022-09-09T19:36:02+00:00', 'last_fetch_at': '2022-09-09T19:36:02+00:00', 'is_anomaly': False, 'is_stale': False, 'trade_url': 'https://www.binance.com/en/trade/NEAR_USDT?ref=37754157', 'token_info_url': None, 'coin_id': 'near', 'target_coin_id': 'tether'}, {'base': 'TUSD', 'target': 'BUSD', 'market': {'name': 'Binance', 'identifier': 'binance', 'has_trading_incentive': False}, 'last': 1.0, 'volume': 2272671.01905, 'converted_last': {'btc': 4.717e-05, 'eth': 0.00058517, 'usd': 1.004}, 'converted_volume': {'btc': 107.204, 'eth': 1330, 'usd': 2282093}, 'trust_score': 'green', 'bid_ask_spread_percentage': 0.02, 'timestamp': '2022-09-09T19:23:05+00:00', 'last_traded_at': '2022-09-09T19:23:05+00:00', 'last_fetch_at': '2022-09-09T19:26:03+00:00', 'is_anomaly': False, 'is_stale': False, 'trade_url': 'https://www.binance.com/en/trade/TUSD_BUSD?ref=37754157', 'token_info_url': None, 'coin_id': 'true-usd', 'target_coin_id': 'binance-usd'}, {'base': 'SAND', 'target': 'USDT', 'market': {'name': 'Binance', 'identifier': 'binance', 'has_trading_incentive': False}, 'last': 0.9716, 'volume': 29180619.114656236, 'converted_last': {'btc': 4.566e-05, 'eth': 0.00056726, 'usd': 0.971908}, 'converted_volume': {'btc': 1332, 'eth': 16553, 'usd': 28360890}, 'trust_score': 'green', 'bid_ask_spread_percentage': 0.010288, 'timestamp': '2022-09-09T19:34:58+00:00', 'last_traded_at': '2022-09-09T19:34:58+00:00', 'last_fetch_at': '2022-09-09T19:34:58+00:00', 'is_anomaly': False, 'is_stale': False, 'trade_url': 'https://www.binance.com/en/trade/SAND_USDT?ref=37754157', 'token_info_url': None, 'coin_id': 'the-sandbox', 'target_coin_id': 'tether'}, {'base': 'USDT', 'target': 'BRL', 'market': {'name': 'Binance', 'identifier': 'binance', 'has_trading_incentive': False}, 'last': 5.171, 'volume': 17859887.31833301, 'converted_last': {'btc': 4.717e-05, 'eth': 0.000586, 'usd': 1.004}, 'converted_volume': {'btc': 842.467, 'eth': 10466, 'usd': 17934455}, 'trust_score': 'green', 'bid_ask_spread_percentage': 0.019301, 'timestamp': '2022-09-09T19:32:10+00:00', 'last_traded_at': '2022-09-09T19:32:10+00:00', 'last_fetch_at': '2022-09-09T19:32:10+00:00', 'is_anomaly': False, 'is_stale': False, 'trade_url': 'https://www.binance.com/en/trade/USDT_BRL?ref=37754157', 'token_info_url': None, 'coin_id': 'tether'}, {'base': 'TRX', 'target': 'USDT', 'market': {'name': 'Binance', 'identifier': 'binance', 'has_trading_incentive': False}, 'last': 0.06333, 'volume': 497766533.4307437, 'converted_last': {'btc': 2.98e-06, 'eth': 3.696e-05, 'usd': 0.063121}, 'converted_volume': {'btc': 1484, 'eth': 18398, 'usd': 31419383}, 'trust_score': 'green', 'bid_ask_spread_percentage': 0.015798, 'timestamp': '2022-09-09T19:20:47+00:00', 'last_traded_at': '2022-09-09T19:20:47+00:00', 'last_fetch_at': '2022-09-09T19:20:47+00:00', 'is_anomaly': False, 'is_stale': False, 'trade_url': 'https://www.binance.com/en/trade/TRX_USDT?ref=37754157', 'token_info_url': None, 'coin_id': 'tron', 'target_coin_id': 'tether'}, {'base': 'CHZ', 'target': 'USDT', 'market': {'name': 'Binance', 'identifier': 'binance', 'has_trading_incentive': False}, 'last': 0.2029, 'volume': 345478649.0246427, 'converted_last': {'btc': 9.55e-06, 'eth': 0.00011849, 'usd': 0.20301}, 'converted_volume': {'btc': 3301, 'eth': 40937, 'usd': 70135533}, 'trust_score': 'green', 'bid_ask_spread_percentage': 0.049432, 'timestamp': '2022-09-09T19:24:52+00:00', 'last_traded_at': '2022-09-09T19:24:52+00:00', 'last_fetch_at': '2022-09-09T19:24:52+00:00', 'is_anomaly': False, 'is_stale': False, 'trade_url': 'https://www.binance.com/en/trade/CHZ_USDT?ref=37754157', 'token_info_url': None, 'coin_id': 'chiliz', 'target_coin_id': 'tether'}, {'base': 'USDP', 'target': 'USDT', 'market': {'name': 'Binance', 'identifier': 'binance', 'has_trading_incentive': False}, 'last': 0.9999, 'volume': 1029925.8401220122, 'converted_last': {'btc': 4.697e-05, 'eth': 0.00058359, 'usd': 0.999896}, 'converted_volume': {'btc': 48.375608, 'eth': 601.056, 'usd': 1029819}, 'trust_score': 'green', 'bid_ask_spread_percentage': 0.010001, 'timestamp': '2022-09-09T19:34:08+00:00', 'last_traded_at': '2022-09-09T19:34:08+00:00', 'last_fetch_at': '2022-09-09T19:34:08+00:00', 'is_anomaly': False, 'is_stale': False, 'trade_url': 'https://www.binance.com/en/trade/USDP_USDT?ref=37754157', 'token_info_url': None, 'coin_id': 'paxos-standard', 'target_coin_id': 'tether'}, {'base': 'SOL', 'target': 'BUSD', 'market': {'name': 'Binance', 'identifier': 'binance', 'has_trading_incentive': False}, 'last': 34.77, 'volume': 1550374.9561345987, 'converted_last': {'btc': 0.00163303, 'eth': 0.02029009, 'usd': 34.76}, 'converted_volume': {'btc': 2532, 'eth': 31457, 'usd': 53897209}, 'trust_score': 'green', 'bid_ask_spread_percentage': 0.028752, 'timestamp': '2022-09-09T19:34:56+00:00', 'last_traded_at': '2022-09-09T19:34:56+00:00', 'last_fetch_at': '2022-09-09T19:34:56+00:00', 'is_anomaly': False, 'is_stale': False, 'trade_url': 'https://www.binance.com/en/trade/SOL_BUSD?ref=37754157', 'token_info_url': None, 'coin_id': 'solana', 'target_coin_id': 'binance-usd'}, {'base': 'APE', 'target': 'USDT', 'market': {'name': 'Binance', 'identifier': 'binance', 'has_trading_incentive': False}, 'last': 5.028, 'volume': 11517667.211829754, 'converted_last': {'btc': 0.00023626, 'eth': 0.00293632, 'usd': 5.03}, 'converted_volume': {'btc': 2721, 'eth': 33820, 'usd': 57928241}, 'trust_score': 'green', 'bid_ask_spread_percentage': 0.019889, 'timestamp': '2022-09-09T19:35:17+00:00', 'last_traded_at': '2022-09-09T19:35:17+00:00', 'last_fetch_at': '2022-09-09T19:35:17+00:00', 'is_anomaly': False, 'is_stale': False, 'trade_url': 'https://www.binance.com/en/trade/APE_USDT?ref=37754157', 'token_info_url': None, 'coin_id': 'apecoin', 'target_coin_id': 'tether'}, {'base': 'FIL', 'target': 'USDT', 'market': {'name': 'Binance', 'identifier': 'binance', 'has_trading_incentive': False}, 'last': 6.3, 'volume': 6825456.139809524, 'converted_last': {'btc': 0.00029604, 'eth': 0.00367884, 'usd': 6.3}, 'converted_volume': {'btc': 2021, 'eth': 25110, 'usd': 43012258}, 'trust_score': 'green', 'bid_ask_spread_percentage': 0.158479, 'timestamp': '2022-09-09T19:36:02+00:00', 'last_traded_at': '2022-09-09T19:36:02+00:00', 'last_fetch_at': '2022-09-09T19:36:02+00:00', 'is_anomaly': False, 'is_stale': False, 'trade_url': 'https://www.binance.com/en/trade/FIL_USDT?ref=37754157', 'token_info_url': None, 'coin_id': 'filecoin', 'target_coin_id': 'tether'}, {'base': 'FTT', 'target': 'USDT', 'market': {'name': 'Binance', 'identifier': 'binance', 'has_trading_incentive': False}, 'last': 27.31, 'volume': 322289.31400952034, 'converted_last': {'btc': 0.00128329, 'eth': 0.01594461, 'usd': 27.32}, 'converted_volume': {'btc': 413.591, 'eth': 5139, 'usd': 8804515}, 'trust_score': 'green', 'bid_ask_spread_percentage': 0.036603, 'timestamp': '2022-09-09T19:34:56+00:00', 'last_traded_at': '2022-09-09T19:34:56+00:00', 'last_fetch_at': '2022-09-09T19:34:56+00:00', 'is_anomaly': False, 'is_stale': False, 'trade_url': 'https://www.binance.com/en/trade/FTT_USDT?ref=37754157', 'token_info_url': None, 'coin_id': 'ftx-token', 'target_coin_id': 'tether'}, {'base': 'BTC', 'target': 'EUR', 'market': {'name': 'Binance', 'identifier': 'binance', 'has_trading_incentive': False}, 'last': 21158.01, 'volume': 3608.1806195511394, 'converted_last': {'btc': 1.003537, 'eth': 12.438799, 'usd': 21249}, 'converted_volume': {'btc': 3621, 'eth': 44881, 'usd': 76669685}, 'trust_score': 'green', 'bid_ask_spread_percentage': 0.026025, 'timestamp': '2022-09-09T19:14:52+00:00', 'last_traded_at': '2022-09-09T19:14:52+00:00', 'last_fetch_at': '2022-09-09T19:14:52+00:00', 'is_anomaly': False, 'is_stale': False, 'trade_url': 'https://www.binance.com/en/trade/BTC_EUR?ref=37754157', 'token_info_url': None, 'coin_id': 'bitcoin'}, {'base': 'GMT', 'target': 'USDT', 'market': {'name': 'Binance', 'identifier': 'binance', 'has_trading_incentive': False}, 'last': 0.7382, 'volume': 42367290.91255757, 'converted_last': {'btc': 3.468e-05, 'eth': 0.00043085, 'usd': 0.738197}, 'converted_volume': {'btc': 1469, 'eth': 18254, 'usd': 31275410}, 'trust_score': 'green', 'bid_ask_spread_percentage': 0.013583, 'timestamp': '2022-09-09T19:34:20+00:00', 'last_traded_at': '2022-09-09T19:34:20+00:00', 'last_fetch_at': '2022-09-09T19:34:20+00:00', 'is_anomaly': False, 'is_stale': False, 'trade_url': 'https://www.binance.com/en/trade/GMT_USDT?ref=37754157', 'token_info_url': None, 'coin_id': 'stepn', 'target_coin_id': 'tether'}, {'base': 'BUSD', 'target': 'DAI', 'market': {'name': 'Binance', 'identifier': 'binance', 'has_trading_incentive': False}, 'last': 1.0001, 'volume': 806110.1797720228, 'converted_last': {'btc': 4.708e-05, 'eth': 0.00058341, 'usd': 0.997156}, 'converted_volume': {'btc': 37.948837, 'eth': 470.294, 'usd': 803818}, 'trust_score': 'green', 'bid_ask_spread_percentage': 0.019999, 'timestamp': '2022-09-09T19:17:52+00:00', 'last_traded_at': '2022-09-09T19:17:52+00:00', 'last_fetch_at': '2022-09-09T19:17:52+00:00', 'is_anomaly': False, 'is_stale': False, 'trade_url': 'https://www.binance.com/en/trade/BUSD_DAI?ref=37754157', 'token_info_url': None, 'coin_id': 'binance-usd', 'target_coin_id': 'dai'}, {'base': 'ETC', 'target': 'BUSD', 'market': {'name': 'Binance', 'identifier': 'binance', 'has_trading_incentive': False}, 'last': 38.73, 'volume': 1365536.6889388072, 'converted_last': {'btc': 0.00182693, 'eth': 0.02266347, 'usd': 38.89}, 'converted_volume': {'btc': 2495, 'eth': 30948, 'usd': 53106505}, 'trust_score': 'green', 'bid_ask_spread_percentage': 0.025867, 'timestamp': '2022-09-09T19:26:51+00:00', 'last_traded_at': '2022-09-09T19:26:51+00:00', 'last_fetch_at': '2022-09-09T19:26:51+00:00', 'is_anomaly': False, 'is_stale': False, 'trade_url': 'https://www.binance.com/en/trade/ETC_BUSD?ref=37754157', 'token_info_url': None, 'coin_id': 'ethereum-classic', 'target_coin_id': 'binance-usd'}, {'base': 'BNB', 'target': 'BTC', 'market': {'name': 'Binance', 'identifier': 'binance', 'has_trading_incentive': False}, 'last': 0.013676, 'volume': 74013.81233913425, 'converted_last': {'btc': 0.013676, 'eth': 0.16996661, 'usd': 291.13}, 'converted_volume': {'btc': 1012, 'eth': 12580, 'usd': 21547602}, 'trust_score': 'green', 'bid_ask_spread_percentage': 0.017314, 'timestamp': '2022-09-09T19:35:45+00:00', 'last_traded_at': '2022-09-09T19:35:45+00:00', 'last_fetch_at': '2022-09-09T19:35:45+00:00', 'is_anomaly': False, 'is_stale': False, 'trade_url': 'https://www.binance.com/en/trade/BNB_BTC?ref=37754157', 'token_info_url': None, 'coin_id': 'binancecoin', 'target_coin_id': 'bitcoin'}, {'base': 'FTM', 'target': 'USDT', 'market': {'name': 'Binance', 'identifier': 'binance', 'has_trading_incentive': False}, 'last': 0.2682, 'volume': 122940734.73564504, 'converted_last': {'btc': 1.263e-05, 'eth': 0.00015663, 'usd': 0.268345}, 'converted_volume': {'btc': 1552, 'eth': 19256, 'usd': 32990540}, 'trust_score': 'green', 'bid_ask_spread_percentage': 0.037425, 'timestamp': '2022-09-09T19:24:51+00:00', 'last_traded_at': '2022-09-09T19:24:51+00:00', 'last_fetch_at': '2022-09-09T19:24:51+00:00', 'is_anomaly': False, 'is_stale': False, 'trade_url': 'https://www.binance.com/en/trade/FTM_USDT?ref=37754157', 'token_info_url': None, 'coin_id': 'fantom', 'target_coin_id': 'tether'}, {'base': 'ADA', 'target': 'BUSD', 'market': {'name': 'Binance', 'identifier': 'binance', 'has_trading_incentive': False}, 'last': 0.4936, 'volume': 76004827.75711103, 'converted_last': {'btc': 2.328e-05, 'eth': 0.00028879, 'usd': 0.494774}, 'converted_volume': {'btc': 1770, 'eth': 21950, 'usd': 37605205}, 'trust_score': 'green', 'bid_ask_spread_percentage': 0.020255, 'timestamp': '2022-09-09T19:24:54+00:00', 'last_traded_at': '2022-09-09T19:24:54+00:00', 'last_fetch_at': '2022-09-09T19:24:54+00:00', 'is_anomaly': False, 'is_stale': False, 'trade_url': 'https://www.binance.com/en/trade/ADA_BUSD?ref=37754157', 'token_info_url': None, 'coin_id': 'cardano', 'target_coin_id': 'binance-usd'}, {'base': 'USDT', 'target': 'BIDR', 'market': {'name': 'Binance', 'identifier': 'binance', 'has_trading_incentive': False}, 'last': 14880.0, 'volume': 6831062.485692204, 'converted_last': {'btc': 4.702e-05, 'eth': 0.00058443, 'usd': 1.001}, 'converted_volume': {'btc': 321.229, 'eth': 3992, 'usd': 6838196}, 'trust_score': 'green', 'bid_ask_spread_percentage': 0.01672, 'timestamp': '2022-09-09T19:35:08+00:00', 'last_traded_at': '2022-09-09T19:35:08+00:00', 'last_fetch_at': '2022-09-09T19:35:08+00:00', 'is_anomaly': False, 'is_stale': False, 'trade_url': 'https://www.binance.com/en/trade/USDT_BIDR?ref=37754157', 'token_info_url': None, 'coin_id': 'tether', 'target_coin_id': 'binanceidr'}, {'base': 'BUSD', 'target': 'BIDR', 'market': {'name': 'Binance', 'identifier': 'binance', 'has_trading_incentive': False}, 'last': 14879.0, 'volume': 4360699.335781975, 'converted_last': {'btc': 4.704e-05, 'eth': 0.00058468, 'usd': 1.001}, 'converted_volume': {'btc': 205.149, 'eth': 2550, 'usd': 4367129}, 'trust_score': 'green', 'bid_ask_spread_percentage': 0.013441, 'timestamp': '2022-09-09T19:35:56+00:00', 'last_traded_at': '2022-09-09T19:35:56+00:00', 'last_fetch_at': '2022-09-09T19:35:56+00:00', 'is_anomaly': False, 'is_stale': False, 'trade_url': 'https://www.binance.com/en/trade/BUSD_BIDR?ref=37754157', 'token_info_url': None, 'coin_id': 'binance-usd', 'target_coin_id': 'binanceidr'}, {'base': 'FLOW', 'target': 'USDT', 'market': {'name': 'Binance', 'identifier': 'binance', 'has_trading_incentive': False}, 'last': 2.088, 'volume': 10785616.363639846, 'converted_last': {'btc': 9.831e-05, 'eth': 0.00121965, 'usd': 2.09}, 'converted_volume': {'btc': 1060, 'eth': 13155, 'usd': 22534359}, 'trust_score': 'green', 'bid_ask_spread_percentage': 0.047939, 'timestamp': '2022-09-09T19:25:05+00:00', 'last_traded_at': '2022-09-09T19:25:05+00:00', 'last_fetch_at': '2022-09-09T19:25:05+00:00', 'is_anomaly': False, 'is_stale': False, 'trade_url': 'https://www.binance.com/en/trade/FLOW_USDT?ref=37754157', 'token_info_url': None, 'coin_id': 'flow', 'target_coin_id': 'tether'}, {'base': 'BUSD', 'target': 'BRL', 'market': {'name': 'Binance', 'identifier': 'binance', 'has_trading_incentive': False}, 'last': 5.18, 'volume': 5952873.278976834, 'converted_last': {'btc': 4.722e-05, 'eth': 0.00058583, 'usd': 1.005}, 'converted_volume': {'btc': 281.119, 'eth': 3487, 'usd': 5984298}, 'trust_score': 'green', 'bid_ask_spread_percentage': 0.019312, 'timestamp': '2022-09-09T19:26:02+00:00', 'last_traded_at': '2022-09-09T19:26:02+00:00', 'last_fetch_at': '2022-09-09T19:26:02+00:00', 'is_anomaly': False, 'is_stale': False, 'trade_url': 'https://www.binance.com/en/trade/BUSD_BRL?ref=37754157', 'token_info_url': None, 'coin_id': 'binance-usd'}, {'base': 'DOT', 'target': 'BUSD', 'market': {'name': 'Binance', 'identifier': 'binance', 'has_trading_incentive': False}, 'last': 7.73, 'volume': 2195315.081720569, 'converted_last': {'btc': 0.00036463, 'eth': 0.0045199, 'usd': 7.72}, 'converted_volume': {'btc': 800.479, 'eth': 9923, 'usd': 16953248}, 'trust_score': 'green', 'bid_ask_spread_percentage': 0.129032, 'timestamp': '2022-09-09T19:18:59+00:00', 'last_traded_at': '2022-09-09T19:18:59+00:00', 'last_fetch_at': '2022-09-09T19:18:59+00:00', 'is_anomaly': False, 'is_stale': False, 'trade_url': 'https://www.binance.com/en/trade/DOT_BUSD?ref=37754157', 'token_info_url': None, 'coin_id': 'polkadot', 'target_coin_id': 'binance-usd'}, {'base': 'BCH', 'target': 'USDT', 'market': {'name': 'Binance', 'identifier': 'binance', 'has_trading_incentive': False}, 'last': 131.1, 'volume': 266971.7798939741, 'converted_last': {'btc': 0.00616076, 'eth': 0.07651489, 'usd': 131.14}, 'converted_volume': {'btc': 1645, 'eth': 20427, 'usd': 35011403}, 'trust_score': 'green', 'bid_ask_spread_percentage': 0.07593, 'timestamp': '2022-09-09T19:30:59+00:00', 'last_traded_at': '2022-09-09T19:30:59+00:00', 'last_fetch_at': '2022-09-09T19:30:59+00:00', 'is_anomaly': False, 'is_stale': False, 'trade_url': 'https://www.binance.com/en/trade/BCH_USDT?ref=37754157', 'token_info_url': None, 'coin_id': 'bitcoin-cash', 'target_coin_id': 'tether'}, {'base': 'KAVA', 'target': 'USDT', 'market': {'name': 'Binance', 'identifier': 'binance', 'has_trading_incentive': False}, 'last': 1.755, 'volume': 5570104.792079772, 'converted_last': {'btc': 8.247e-05, 'eth': 0.00102491, 'usd': 1.76}, 'converted_volume': {'btc': 459.35, 'eth': 5709, 'usd': 9778473}, 'trust_score': 'green', 'bid_ask_spread_percentage': 0.057013, 'timestamp': '2022-09-09T19:35:55+00:00', 'last_traded_at': '2022-09-09T19:35:55+00:00', 'last_fetch_at': '2022-09-09T19:35:55+00:00', 'is_anomaly': False, 'is_stale': False, 'trade_url': 'https://www.binance.com/en/trade/KAVA_USDT?ref=37754157', 'token_info_url': None, 'coin_id': 'kava', 'target_coin_id': 'tether'}, {'base': 'UNI', 'target': 'USDT', 'market': {'name': 'Binance', 'identifier': 'binance', 'has_trading_incentive': False}, 'last': 6.4, 'volume': 2749219.4305625, 'converted_last': {'btc': 0.00030073, 'eth': 0.00373723, 'usd': 6.4}, 'converted_volume': {'btc': 826.786, 'eth': 10274, 'usd': 17599867}, 'trust_score': 'green', 'bid_ask_spread_percentage': 0.155763, 'timestamp': '2022-09-09T19:36:02+00:00', 'last_traded_at': '2022-09-09T19:36:02+00:00', 'last_fetch_at': '2022-09-09T19:36:02+00:00', 'is_anomaly': False, 'is_stale': False, 'trade_url': 'https://www.binance.com/en/trade/UNI_USDT?ref=37754157', 'token_info_url': None, 'coin_id': 'uniswap', 'target_coin_id': 'tether'}, {'base': 'AXS', 'target': 'USDT', 'market': {'name': 'Binance', 'identifier': 'binance', 'has_trading_incentive': False}, 'last': 14.65, 'volume': 1991136.93043686, 'converted_last': {'btc': 0.0006884, 'eth': 0.0085555, 'usd': 14.65}, 'converted_volume': {'btc': 1371, 'eth': 17035, 'usd': 29178926}, 'trust_score': 'green', 'bid_ask_spread_percentage': 0.06812, 'timestamp': '2022-09-09T19:35:01+00:00', 'last_traded_at': '2022-09-09T19:35:01+00:00', 'last_fetch_at': '2022-09-09T19:35:01+00:00', 'is_anomaly': False, 'is_stale': False, 'trade_url': 'https://www.binance.com/en/trade/AXS_USDT?ref=37754157', 'token_info_url': None, 'coin_id': 'axie-infinity', 'target_coin_id': 'tether'}, {'base': 'AVAX', 'target': 'BUSD', 'market': {'name': 'Binance', 'identifier': 'binance', 'has_trading_incentive': False}, 'last': 20.2, 'volume': 993945.0760544555, 'converted_last': {'btc': 0.00095285, 'eth': 0.01180471, 'usd': 20.18}, 'converted_volume': {'btc': 947.081, 'eth': 11733, 'usd': 20058086}, 'trust_score': 'green', 'bid_ask_spread_percentage': 0.049677, 'timestamp': '2022-09-09T19:15:57+00:00', 'last_traded_at': '2022-09-09T19:15:57+00:00', 'last_fetch_at': '2022-09-09T19:15:57+00:00', 'is_anomaly': False, 'is_stale': False, 'trade_url': 'https://www.binance.com/en/trade/AVAX_BUSD?ref=37754157', 'token_info_url': None, 'coin_id': 'avalanche-2', 'target_coin_id': 'binance-usd'}, {'base': 'ANC', 'target': 'USDT', 'market': {'name': 'Binance', 'identifier': 'binance', 'has_trading_incentive': False}, 'last': 0.15269, 'volume': 844720115.4023911, 'converted_last': {'btc': 7.19e-06, 'eth': 8.91e-05, 'usd': 0.152681}, 'converted_volume': {'btc': 6070, 'eth': 75269, 'usd': 128972790}, 'trust_score': 'green', 'bid_ask_spread_percentage': 0.079777, 'timestamp': '2022-09-09T19:22:12+00:00', 'last_traded_at': '2022-09-09T19:22:12+00:00', 'last_fetch_at': '2022-09-09T19:22:12+00:00', 'is_anomaly': False, 'is_stale': False, 'trade_url': 'https://www.binance.com/en/trade/ANC_USDT?ref=37754157', 'token_info_url': None, 'coin_id': 'anchor-protocol', 'target_coin_id': 'tether'}, {'base': 'VET', 'target': 'USDT', 'market': {'name': 'Binance', 'identifier': 'binance', 'has_trading_incentive': False}, 'last': 0.02541, 'volume': 459800944.45057064, 'converted_last': {'btc': 1.19e-06, 'eth': 1.48e-05, 'usd': 0.02536021}, 'converted_volume': {'btc': 548.693, 'eth': 6807, 'usd': 11660648}, 'trust_score': 'green', 'bid_ask_spread_percentage': 0.039541, 'timestamp': '2022-09-09T19:25:49+00:00', 'last_traded_at': '2022-09-09T19:25:49+00:00', 'last_fetch_at': '2022-09-09T19:25:49+00:00', 'is_anomaly': False, 'is_stale': False, 'trade_url': 'https://www.binance.com/en/trade/VET_USDT?ref=37754157', 'token_info_url': None, 'coin_id': 'vechain', 'target_coin_id': 'tether'}, {'base': 'SHIB', 'target': 'BUSD', 'market': {'name': 'Binance', 'identifier': 'binance', 'has_trading_incentive': False}, 'last': 1.279e-05, 'volume': 4878286475284.694, 'converted_last': {'btc': 6.00705e-10, 'eth': 7.456e-09, 'usd': 1.279e-05}, 'converted_volume': {'btc': 2930, 'eth': 36373, 'usd': 62372114}, 'trust_score': 'green', 'bid_ask_spread_percentage': 0.078125, 'timestamp': '2022-09-09T19:29:10+00:00', 'last_traded_at': '2022-09-09T19:29:10+00:00', 'last_fetch_at': '2022-09-09T19:29:10+00:00', 'is_anomaly': False, 'is_stale': False, 'trade_url': 'https://www.binance.com/en/trade/SHIB_BUSD?ref=37754157', 'token_info_url': None, 'coin_id': 'shiba-inu', 'target_coin_id': 'binance-usd'}, {'base': 'MATIC', 'target': 'BUSD', 'market': {'name': 'Binance', 'identifier': 'binance', 'has_trading_incentive': False}, 'last': 0.8853, 'volume': 25661736.380729698, 'converted_last': {'btc': 4.158e-05, 'eth': 0.00051654, 'usd': 0.885148}, 'converted_volume': {'btc': 1067, 'eth': 13255, 'usd': 22714446}, 'trust_score': 'green', 'bid_ask_spread_percentage': 0.011302, 'timestamp': '2022-09-09T19:32:05+00:00', 'last_traded_at': '2022-09-09T19:32:05+00:00', 'last_fetch_at': '2022-09-09T19:32:05+00:00', 'is_anomaly': False, 'is_stale': False, 'trade_url': 'https://www.binance.com/en/trade/MATIC_BUSD?ref=37754157', 'token_info_url': None, 'coin_id': 'matic-network', 'target_coin_id': 'binance-usd'}, {'base': 'ETH', 'target': 'EUR', 'market': {'name': 'Binance', 'identifier': 'binance', 'has_trading_incentive': False}, 'last': 1705.71, 'volume': 29218.875185621822, 'converted_last': {'btc': 0.08049491, 'eth': 1.000132, 'usd': 1713.57}, 'converted_volume': {'btc': 2352, 'eth': 29223, 'usd': 50068693}, 'trust_score': 'green', 'bid_ask_spread_percentage': 0.010586, 'timestamp': '2022-09-09T19:34:53+00:00', 'last_traded_at': '2022-09-09T19:34:53+00:00', 'last_fetch_at': '2022-09-09T19:34:53+00:00', 'is_anomaly': False, 'is_stale': False, 'trade_url': 'https://www.binance.com/en/trade/ETH_EUR?ref=37754157', 'token_info_url': None, 'coin_id': 'ethereum'}, {'base': 'AAVE', 'target': 'USDT', 'market': {'name': 'Binance', 'identifier': 'binance', 'has_trading_incentive': False}, 'last': 90.3, 'volume': 110965.19621816168, 'converted_last': {'btc': 0.00424345, 'eth': 0.05270248, 'usd': 90.33}, 'converted_volume': {'btc': 470.875, 'eth': 5848, 'usd': 10023422}, 'trust_score': 'green', 'bid_ask_spread_percentage': 0.110619, 'timestamp': '2022-09-09T19:30:07+00:00', 'last_traded_at': '2022-09-09T19:30:07+00:00', 'last_fetch_at': '2022-09-09T19:30:07+00:00', 'is_anomaly': False, 'is_stale': False, 'trade_url': 'https://www.binance.com/en/trade/AAVE_USDT?ref=37754157', 'token_info_url': None, 'coin_id': 'aave', 'target_coin_id': 'tether'}, {'base': 'YFI', 'target': 'USDT', 'market': {'name': 'Binance', 'identifier': 'binance', 'has_trading_incentive': False}, 'last': 10529.0, 'volume': 2150.408218749169, 'converted_last': {'btc': 0.49475547, 'eth': 6.147229, 'usd': 10532.34}, 'converted_volume': {'btc': 1064, 'eth': 13219, 'usd': 22648836}, 'trust_score': 'green', 'bid_ask_spread_percentage': 0.037936, 'timestamp': '2022-09-09T19:34:59+00:00', 'last_traded_at': '2022-09-09T19:34:59+00:00', 'last_fetch_at': '2022-09-09T19:34:59+00:00', 'is_anomaly': False, 'is_stale': False, 'trade_url': 'https://www.binance.com/en/trade/YFI_USDT?ref=37754157', 'token_info_url': None, 'coin_id': 'yearn-finance', 'target_coin_id': 'tether'}, {'base': 'GALA', 'target': 'USDT', 'market': {'name': 'Binance', 'identifier': 'binance', 'has_trading_incentive': False}, 'last': 0.05149, 'volume': 472291094.0759371, 'converted_last': {'btc': 2.42e-06, 'eth': 3.005e-05, 'usd': 0.05149}, 'converted_volume': {'btc': 1142, 'eth': 14193, 'usd': 24318172}, 'trust_score': 'green', 'bid_ask_spread_percentage': 0.019417, 'timestamp': '2022-09-09T19:34:09+00:00', 'last_traded_at': '2022-09-09T19:34:09+00:00', 'last_fetch_at': '2022-09-09T19:34:09+00:00', 'is_anomaly': False, 'is_stale': False, 'trade_url': 'https://www.binance.com/en/trade/GALA_USDT?ref=37754157', 'token_info_url': None, 'coin_id': 'gala', 'target_coin_id': 'tether'}, {'base': 'XRP', 'target': 'BUSD', 'market': {'name': 'Binance', 'identifier': 'binance', 'has_trading_incentive': False}, 'last': 0.3508, 'volume': 86779031.60034208, 'converted_last': {'btc': 1.655e-05, 'eth': 0.00020512, 'usd': 0.350458}, 'converted_volume': {'btc': 1436, 'eth': 17800, 'usd': 30412417}, 'trust_score': 'green', 'bid_ask_spread_percentage': 0.028506, 'timestamp': '2022-09-09T19:19:00+00:00', 'last_traded_at': '2022-09-09T19:19:00+00:00', 'last_fetch_at': '2022-09-09T19:19:00+00:00', 'is_anomaly': False, 'is_stale': False, 'trade_url': 'https://www.binance.com/en/trade/XRP_BUSD?ref=37754157', 'token_info_url': None, 'coin_id': 'ripple', 'target_coin_id': 'binance-usd'}, {'base': 'ANC', 'target': 'BUSD', 'market': {'name': 'Binance', 'identifier': 'binance', 'has_trading_incentive': False}, 'last': 0.15053, 'volume': 766732906.0988361, 'converted_last': {'btc': 7.1e-06, 'eth': 8.797e-05, 'usd': 0.150396}, 'converted_volume': {'btc': 5444, 'eth': 67448, 'usd': 115313388}, 'trust_score': 'green', 'bid_ask_spread_percentage': 0.099311, 'timestamp': '2022-09-09T19:16:19+00:00', 'last_traded_at': '2022-09-09T19:16:19+00:00', 'last_fetch_at': '2022-09-09T19:16:19+00:00', 'is_anomaly': False, 'is_stale': False, 'trade_url': 'https://www.binance.com/en/trade/ANC_BUSD?ref=37754157', 'token_info_url': None, 'coin_id': 'anchor-protocol', 'target_coin_id': 'binance-usd'}, {'base': 'BTC', 'target': 'TRY', 'market': {'name': 'Binance', 'identifier': 'binance', 'has_trading_incentive': False}, 'last': 391500.0, 'volume': 1520.1241393003065, 'converted_last': {'btc': 1.009023, 'eth': 12.519602, 'usd': 21475}, 'converted_volume': {'btc': 1534, 'eth': 19031, 'usd': 32644801}, 'trust_score': 'green', 'bid_ask_spread_percentage': 0.023996, 'timestamp': '2022-09-09T19:28:56+00:00', 'last_traded_at': '2022-09-09T19:28:56+00:00', 'last_fetch_at': '2022-09-09T19:28:56+00:00', 'is_anomaly': False, 'is_stale': False, 'trade_url': 'https://www.binance.com/en/trade/BTC_TRY?ref=37754157', 'token_info_url': None, 'coin_id': 'bitcoin'}, {'base': 'PAXG', 'target': 'USDT', 'market': {'name': 'Binance', 'identifier': 'binance', 'has_trading_incentive': False}, 'last': 1711.0, 'volume': 1391.3911686148451, 'converted_last': {'btc': 0.08037369, 'eth': 0.99839429, 'usd': 1711.01}, 'converted_volume': {'btc': 111.831, 'eth': 1389, 'usd': 2380690}, 'trust_score': 'green', 'bid_ask_spread_percentage': 0.058445, 'timestamp': '2022-09-09T19:33:10+00:00', 'last_traded_at': '2022-09-09T19:33:10+00:00', 'last_fetch_at': '2022-09-09T19:33:10+00:00', 'is_anomaly': False, 'is_stale': False, 'trade_url': 'https://www.binance.com/en/trade/PAXG_USDT?ref=37754157', 'token_info_url': None, 'coin_id': 'pax-gold', 'target_coin_id': 'tether'}, {'base': 'STG', 'target': 'USDT', 'market': {'name': 'Binance', 'identifier': 'binance', 'has_trading_incentive': False}, 'last': 0.8257, 'volume': 67119768.06237133, 'converted_last': {'btc': 3.88e-05, 'eth': 0.0004822, 'usd': 0.825948}, 'converted_volume': {'btc': 2604, 'eth': 32365, 'usd': 55437455}, 'trust_score': 'green', 'bid_ask_spread_percentage': 0.012136, 'timestamp': '2022-09-09T19:35:17+00:00', 'last_traded_at': '2022-09-09T19:35:17+00:00', 'last_fetch_at': '2022-09-09T19:35:17+00:00', 'is_anomaly': False, 'is_stale': False, 'trade_url': 'https://www.binance.com/en/trade/STG_USDT?ref=37754157', 'token_info_url': None, 'coin_id': 'stargate-finance', 'target_coin_id': 'tether'}, {'base': 'LRC', 'target': 'USDT', 'market': {'name': 'Binance', 'identifier': 'binance', 'has_trading_incentive': False}, 'last': 0.3585, 'volume': 19134935.957043234, 'converted_last': {'btc': 1.685e-05, 'eth': 0.00020903, 'usd': 0.358554}, 'converted_volume': {'btc': 322.365, 'eth': 4000, 'usd': 6860907}, 'trust_score': 'green', 'bid_ask_spread_percentage': 0.027902, 'timestamp': '2022-09-09T19:28:57+00:00', 'last_traded_at': '2022-09-09T19:28:57+00:00', 'last_fetch_at': '2022-09-09T19:28:57+00:00', 'is_anomaly': False, 'is_stale': False, 'trade_url': 'https://www.binance.com/en/trade/LRC_USDT?ref=37754157', 'token_info_url': None, 'coin_id': 'loopring', 'target_coin_id': 'tether'}, {'base': 'ATOM', 'target': 'BUSD', 'market': {'name': 'Binance', 'identifier': 'binance', 'has_trading_incentive': False}, 'last': 15.962, 'volume': 3053128.1744793886, 'converted_last': {'btc': 0.00075294, 'eth': 0.00933901, 'usd': 16.0}, 'converted_volume': {'btc': 2299, 'eth': 28513, 'usd': 48849934}, 'trust_score': 'green', 'bid_ask_spread_percentage': 0.012616, 'timestamp': '2022-09-09T19:24:57+00:00', 'last_traded_at': '2022-09-09T19:24:57+00:00', 'last_fetch_at': '2022-09-09T19:24:57+00:00', 'is_anomaly': False, 'is_stale': False, 'trade_url': 'https://www.binance.com/en/trade/ATOM_BUSD?ref=37754157', 'token_info_url': None, 'coin_id': 'cosmos', 'target_coin_id': 'binance-usd'}, {'base': 'LUNC', 'target': 'USDT', 'market': {'name': 'Binance', 'identifier': 'binance', 'has_trading_incentive': False}, 'last': 0.00043955, 'volume': 218939892125.54037, 'converted_last': {'btc': 2.0721e-08, 'eth': 2.56982e-07, 'usd': 0.00043886}, 'converted_volume': {'btc': 4537, 'eth': 56264, 'usd': 96083096}, 'trust_score': 'green', 'bid_ask_spread_percentage': 0.141336, 'timestamp': '2022-09-09T19:20:17+00:00', 'last_traded_at': '2022-09-09T19:20:17+00:00', 'last_fetch_at': '2022-09-09T19:20:17+00:00', 'is_anomaly': False, 'is_stale': False, 'trade_url': 'https://www.binance.com/en/trade/LUNC_USDT?ref=37754157', 'token_info_url': None, 'coin_id': 'terra-luna', 'target_coin_id': 'tether'}, {'base': 'RVN', 'target': 'USDT', 'market': {'name': 'Binance', 'identifier': 'binance', 'has_trading_incentive': False}, 'last': 0.05159, 'volume': 1382351572.9374492, 'converted_last': {'btc': 2.42e-06, 'eth': 3.01e-05, 'usd': 0.05159}, 'converted_volume': {'btc': 3350, 'eth': 41614, 'usd': 71316101}, 'trust_score': 'green', 'bid_ask_spread_percentage': 0.058468, 'timestamp': '2022-09-09T19:33:01+00:00', 'last_traded_at': '2022-09-09T19:33:01+00:00', 'last_fetch_at': '2022-09-09T19:33:01+00:00', 'is_anomaly': False, 'is_stale': False, 'trade_url': 'https://www.binance.com/en/trade/RVN_USDT?ref=37754157', 'token_info_url': None, 'coin_id': 'ravencoin', 'target_coin_id': 'tether'}, {'base': 'MANA', 'target': 'USDT', 'market': {'name': 'Binance', 'identifier': 'binance', 'has_trading_incentive': False}, 'last': 0.8006, 'volume': 20885299.536597554, 'converted_last': {'btc': 3.762e-05, 'eth': 0.00046755, 'usd': 0.800841}, 'converted_volume': {'btc': 785.705, 'eth': 9765, 'usd': 16725798}, 'trust_score': 'green', 'bid_ask_spread_percentage': 0.012492, 'timestamp': '2022-09-09T19:35:57+00:00', 'last_traded_at': '2022-09-09T19:35:57+00:00', 'last_fetch_at': '2022-09-09T19:35:57+00:00', 'is_anomaly': False, 'is_stale': False, 'trade_url': 'https://www.binance.com/en/trade/MANA_USDT?ref=37754157', 'token_info_url': None, 'coin_id': 'decentraland', 'target_coin_id': 'tether'}, {'base': 'WAVES', 'target': 'USDT', 'market': {'name': 'Binance', 'identifier': 'binance', 'has_trading_incentive': False}, 'last': 4.647, 'volume': 3611330.0171637614, 'converted_last': {'btc': 0.00021829, 'eth': 0.00271179, 'usd': 4.65}, 'converted_volume': {'btc': 788.322, 'eth': 9793, 'usd': 16781815}, 'trust_score': 'green', 'bid_ask_spread_percentage': 0.021515, 'timestamp': '2022-09-09T19:32:04+00:00', 'last_traded_at': '2022-09-09T19:32:04+00:00', 'last_fetch_at': '2022-09-09T19:32:04+00:00', 'is_anomaly': False, 'is_stale': False, 'trade_url': 'https://www.binance.com/en/trade/WAVES_USDT?ref=37754157', 'token_info_url': None, 'coin_id': 'waves', 'target_coin_id': 'tether'}, {'base': 'NEAR', 'target': 'BUSD', 'market': {'name': 'Binance', 'identifier': 'binance', 'has_trading_incentive': False}, 'last': 4.78, 'volume': 3645854.6236192468, 'converted_last': {'btc': 0.0002245, 'eth': 0.00278988, 'usd': 4.78}, 'converted_volume': {'btc': 818.498, 'eth': 10171, 'usd': 17423454}, 'trust_score': 'green', 'bid_ask_spread_percentage': 0.020921, 'timestamp': '2022-09-09T19:36:09+00:00', 'last_traded_at': '2022-09-09T19:36:09+00:00', 'last_fetch_at': '2022-09-09T19:36:09+00:00', 'is_anomaly': False, 'is_stale': False, 'trade_url': 'https://www.binance.com/en/trade/NEAR_BUSD?ref=37754157', 'token_info_url': None, 'coin_id': 'near', 'target_coin_id': 'binance-usd'}, {'base': 'DOGE', 'target': 'BUSD', 'market': {'name': 'Binance', 'identifier': 'binance', 'has_trading_incentive': False}, 'last': 0.06327, 'volume': 303732371.0391971, 'converted_last': {'btc': 2.97e-06, 'eth': 3.692e-05, 'usd': 0.063259}, 'converted_volume': {'btc': 902.567, 'eth': 11212, 'usd': 19213858}, 'trust_score': 'green', 'bid_ask_spread_percentage': 0.015818, 'timestamp': '2022-09-09T19:32:06+00:00', 'last_traded_at': '2022-09-09T19:32:06+00:00', 'last_fetch_at': '2022-09-09T19:32:06+00:00', 'is_anomaly': False, 'is_stale': False, 'trade_url': 'https://www.binance.com/en/trade/DOGE_BUSD?ref=37754157', 'token_info_url': None, 'coin_id': 'dogecoin', 'target_coin_id': 'binance-usd'}, {'base': 'KEY', 'target': 'BUSD', 'market': {'name': 'Binance', 'identifier': 'binance', 'has_trading_incentive': False}, 'last': 0.005177, 'volume': 17772505223.099865, 'converted_last': {'btc': 2.44203e-07, 'eth': 3.03e-06, 'usd': 0.00517195}, 'converted_volume': {'btc': 4340, 'eth': 53799, 'usd': 91918594}, 'trust_score': 'green', 'bid_ask_spread_percentage': 0.019704, 'timestamp': '2022-09-09T19:18:18+00:00', 'last_traded_at': '2022-09-09T19:18:18+00:00', 'last_fetch_at': '2022-09-09T19:18:18+00:00', 'is_anomaly': False, 'is_stale': False, 'trade_url': 'https://www.binance.com/en/trade/KEY_BUSD?ref=37754157', 'token_info_url': None, 'coin_id': 'selfkey', 'target_coin_id': 'binance-usd'}, {'base': 'DYDX', 'target': 'USDT', 'market': {'name': 'Binance', 'identifier': 'binance', 'has_trading_incentive': False}, 'last': 1.546, 'volume': 6524687.290892626, 'converted_last': {'btc': 7.274e-05, 'eth': 0.00090118, 'usd': 1.54}, 'converted_volume': {'btc': 474.614, 'eth': 5880, 'usd': 10052627}, 'trust_score': 'green', 'bid_ask_spread_percentage': 0.064641, 'timestamp': '2022-09-09T19:16:14+00:00', 'last_traded_at': '2022-09-09T19:16:14+00:00', 'last_fetch_at': '2022-09-09T19:16:14+00:00', 'is_anomaly': False, 'is_stale': False, 'trade_url': 'https://www.binance.com/en/trade/DYDX_USDT?ref=37754157', 'token_info_url': None, 'coin_id': 'dydx', 'target_coin_id': 'tether'}, {'base': 'XTZ', 'target': 'USDT', 'market': {'name': 'Binance', 'identifier': 'binance', 'has_trading_incentive': False}, 'last': 1.621, 'volume': 3905911.4486119677, 'converted_last': {'btc': 7.617e-05, 'eth': 0.00094665, 'usd': 1.62}, 'converted_volume': {'btc': 297.515, 'eth': 3698, 'usd': 6333386}, 'trust_score': 'green', 'bid_ask_spread_percentage': 0.061652, 'timestamp': '2022-09-09T19:35:52+00:00', 'last_traded_at': '2022-09-09T19:35:52+00:00', 'last_fetch_at': '2022-09-09T19:35:52+00:00', 'is_anomaly': False, 'is_stale': False, 'trade_url': 'https://www.binance.com/en/trade/XTZ_USDT?ref=37754157', 'token_info_url': None, 'coin_id': 'tezos', 'target_coin_id': 'tether'}, {'base': 'CRV', 'target': 'USDT', 'market': {'name': 'Binance', 'identifier': 'binance', 'has_trading_incentive': False}, 'last': 1.2, 'volume': 22269079.655583333, 'converted_last': {'btc': 5.639e-05, 'eth': 0.00070079, 'usd': 1.2}, 'converted_volume': {'btc': 1256, 'eth': 15606, 'usd': 26730930}, 'trust_score': 'green', 'bid_ask_spread_percentage': 0.083264, 'timestamp': '2022-09-09T19:35:58+00:00', 'last_traded_at': '2022-09-09T19:35:58+00:00', 'last_fetch_at': '2022-09-09T19:35:58+00:00', 'is_anomaly': False, 'is_stale': False, 'trade_url': 'https://www.binance.com/en/trade/CRV_USDT?ref=37754157', 'token_info_url': None, 'coin_id': 'curve-dao-token', 'target_coin_id': 'tether'}, {'base': 'ALGO', 'target': 'USDT', 'market': {'name': 'Binance', 'identifier': 'binance', 'has_trading_incentive': False}, 'last': 0.3244, 'volume': 44492629.8027127, 'converted_last': {'btc': 1.526e-05, 'eth': 0.0001891, 'usd': 0.323289}, 'converted_volume': {'btc': 679.11, 'eth': 8413, 'usd': 14383988}, 'trust_score': 'green', 'bid_ask_spread_percentage': 0.031289, 'timestamp': '2022-09-09T19:16:53+00:00', 'last_traded_at': '2022-09-09T19:16:53+00:00', 'last_fetch_at': '2022-09-09T19:16:53+00:00', 'is_anomaly': False, 'is_stale': False, 'trade_url': 'https://www.binance.com/en/trade/ALGO_USDT?ref=37754157', 'token_info_url': None, 'coin_id': 'algorand', 'target_coin_id': 'tether'}, {'base': 'ZEC', 'target': 'USDT', 'market': {'name': 'Binance', 'identifier': 'binance', 'has_trading_incentive': False}, 'last': 65.5, 'volume': 98601.64628244274, 'converted_last': {'btc': 0.00307803, 'eth': 0.0381911, 'usd': 65.51}, 'converted_volume': {'btc': 303.499, 'eth': 3766, 'usd': 6459380}, 'trust_score': 'green', 'bid_ask_spread_percentage': 0.154321, 'timestamp': '2022-09-09T19:28:51+00:00', 'last_traded_at': '2022-09-09T19:28:51+00:00', 'last_fetch_at': '2022-09-09T19:28:51+00:00', 'is_anomaly': False, 'is_stale': False, 'trade_url': 'https://www.binance.com/en/trade/ZEC_USDT?ref=37754157', 'token_info_url': None, 'coin_id': 'zcash', 'target_coin_id': 'tether'}, {'base': 'USDT', 'target': 'IDRT', 'market': {'name': 'Binance', 'identifier': 'binance', 'has_trading_incentive': False}, 'last': 14873.0, 'volume': 86359.87117595643, 'converted_last': {'btc': 4.699e-05, 'eth': 0.00058388, 'usd': 1.0}, 'converted_volume': {'btc': 4.058305, 'eth': 50.424, 'usd': 86393}, 'trust_score': 'green', 'bid_ask_spread_percentage': 0.134291, 'timestamp': '2022-09-09T19:34:56+00:00', 'last_traded_at': '2022-09-09T19:34:56+00:00', 'last_fetch_at': '2022-09-09T19:34:56+00:00', 'is_anomaly': False, 'is_stale': False, 'trade_url': 'https://www.binance.com/en/trade/USDT_IDRT?ref=37754157', 'token_info_url': None, 'coin_id': 'tether', 'target_coin_id': 'rupiah-token'}, {'base': 'THETA', 'target': 'USDT', 'market': {'name': 'Binance', 'identifier': 'binance', 'has_trading_incentive': False}, 'last': 1.172, 'volume': 7835978.011945393, 'converted_last': {'btc': 5.508e-05, 'eth': 0.00068336, 'usd': 1.17}, 'converted_volume': {'btc': 431.571, 'eth': 5355, 'usd': 9185149}, 'trust_score': 'green', 'bid_ask_spread_percentage': 0.085324, 'timestamp': '2022-09-09T19:28:51+00:00', 'last_traded_at': '2022-09-09T19:28:51+00:00', 'last_fetch_at': '2022-09-09T19:28:51+00:00', 'is_anomaly': False, 'is_stale': False, 'trade_url': 'https://www.binance.com/en/trade/THETA_USDT?ref=37754157', 'token_info_url': None, 'coin_id': 'theta-token', 'target_coin_id': 'tether'}, {'base': 'SOL', 'target': 'BTC', 'market': {'name': 'Binance', 'identifier': 'binance', 'has_trading_incentive': False}, 'last': 0.0016333, 'volume': 347403.24842343724, 'converted_last': {'btc': 0.0016333, 'eth': 0.0202934, 'usd': 34.77}, 'converted_volume': {'btc': 567.414, 'eth': 7050, 'usd': 12079090}, 'trust_score': 'green', 'bid_ask_spread_percentage': 0.016134, 'timestamp': '2022-09-09T19:34:56+00:00', 'last_traded_at': '2022-09-09T19:34:56+00:00', 'last_fetch_at': '2022-09-09T19:34:56+00:00', 'is_anomaly': False, 'is_stale': False, 'trade_url': 'https://www.binance.com/en/trade/SOL_BTC?ref=37754157', 'token_info_url': None, 'coin_id': 'solana', 'target_coin_id': 'bitcoin'}, {'base': 'SUSHI', 'target': 'USDT', 'market': {'name': 'Binance', 'identifier': 'binance', 'has_trading_incentive': False}, 'last': 1.334, 'volume': 8979040.861619191, 'converted_last': {'btc': 6.268e-05, 'eth': 0.00077884, 'usd': 1.33}, 'converted_volume': {'btc': 562.846, 'eth': 6993, 'usd': 11981843}, 'trust_score': 'green', 'bid_ask_spread_percentage': 0.074906, 'timestamp': '2022-09-09T19:34:59+00:00', 'last_traded_at': '2022-09-09T19:34:59+00:00', 'last_fetch_at': '2022-09-09T19:34:59+00:00', 'is_anomaly': False, 'is_stale': False, 'trade_url': 'https://www.binance.com/en/trade/SUSHI_USDT?ref=37754157', 'token_info_url': None, 'coin_id': 'sushi', 'target_coin_id': 'tether'}, {'base': 'RUNE', 'target': 'USDT', 'market': {'name': 'Binance', 'identifier': 'binance', 'has_trading_incentive': False}, 'last': 1.999, 'volume': 9946188.456828414, 'converted_last': {'btc': 9.393e-05, 'eth': 0.0011674, 'usd': 2.0}, 'converted_volume': {'btc': 934.271, 'eth': 11611, 'usd': 19888408}, 'trust_score': 'green', 'bid_ask_spread_percentage': 0.049975, 'timestamp': '2022-09-09T19:35:00+00:00', 'last_traded_at': '2022-09-09T19:35:00+00:00', 'last_fetch_at': '2022-09-09T19:35:00+00:00', 'is_anomaly': False, 'is_stale': False, 'trade_url': 'https://www.binance.com/en/trade/RUNE_USDT?ref=37754157', 'token_info_url': None, 'coin_id': 'thorchain', 'target_coin_id': 'tether'}, {'base': 'APE', 'target': 'BUSD', 'market': {'name': 'Binance', 'identifier': 'binance', 'has_trading_incentive': False}, 'last': 5.028, 'volume': 5057030.815188942, 'converted_last': {'btc': 0.00023615, 'eth': 0.00293488, 'usd': 5.03}, 'converted_volume': {'btc': 1194, 'eth': 14842, 'usd': 25421924}, 'trust_score': 'green', 'bid_ask_spread_percentage': 0.019893, 'timestamp': '2022-09-09T19:35:14+00:00', 'last_traded_at': '2022-09-09T19:35:14+00:00', 'last_fetch_at': '2022-09-09T19:35:14+00:00', 'is_anomaly': False, 'is_stale': False, 'trade_url': 'https://www.binance.com/en/trade/APE_BUSD?ref=37754157', 'token_info_url': None, 'coin_id': 'apecoin', 'target_coin_id': 'binance-usd'}, {'base': 'GAL', 'target': 'USDT', 'market': {'name': 'Binance', 'identifier': 'binance', 'has_trading_incentive': False}, 'last': 3.188, 'volume': 11671496.574355708, 'converted_last': {'btc': 0.0001498, 'eth': 0.00186177, 'usd': 3.19}, 'converted_volume': {'btc': 1748, 'eth': 21730, 'usd': 37219918}, 'trust_score': 'green', 'bid_ask_spread_percentage': 0.031309, 'timestamp': '2022-09-09T19:35:18+00:00', 'last_traded_at': '2022-09-09T19:35:18+00:00', 'last_fetch_at': '2022-09-09T19:35:18+00:00', 'is_anomaly': False, 'is_stale': False, 'trade_url': 'https://www.binance.com/en/trade/GAL_USDT?ref=37754157', 'token_info_url': None, 'coin_id': 'project-galaxy', 'target_coin_id': 'tether'}, {'base': 'KNC', 'target': 'USDT', 'market': {'name': 'Binance', 'identifier': 'binance', 'has_trading_incentive': False}, 'last': 1.827, 'volume': 2429430.447126437, 'converted_last': {'btc': 8.582e-05, 'eth': 0.00106608, 'usd': 1.83}, 'converted_volume': {'btc': 208.5, 'eth': 2590, 'usd': 4438606}, 'trust_score': 'green', 'bid_ask_spread_percentage': 0.054585, 'timestamp': '2022-09-09T19:33:10+00:00', 'last_traded_at': '2022-09-09T19:33:10+00:00', 'last_fetch_at': '2022-09-09T19:33:10+00:00', 'is_anomaly': False, 'is_stale': False, 'trade_url': 'https://www.binance.com/en/trade/KNC_USDT?ref=37754157', 'token_info_url': None, 'coin_id': 'kyber-network-crystal', 'target_coin_id': 'tether'}]"
status_updates,"[{'description': 'Juventus and Paris Saint-Germain Fan Tokens on Binance Launchpool! \r\n\r\nFarm JUV and PSG tokens By Staking BNB, BUSD & CHZ Tokens\r\n\r\nClick here https://ter.li/JUV-and-PSG-tokens', 'category': 'general', 'created_at': '2020-12-14T11:18:49.085Z', 'user': 'Darc', 'user_title': 'Marketing', 'pin': False, 'project': {'type': 'Market', 'id': 'binance', 'name': 'Binance', 'image': {'thumb': 'https://assets.coingecko.com/markets/images/52/thumb/binance.jpg?1519353250', 'small': 'https://assets.coingecko.com/markets/images/52/small/binance.jpg?1519353250', 'large': 'https://assets.coingecko.com/markets/images/52/large/binance.jpg?1519353250'}}}, {'description': 'Binance Black Friday - $100,000 in Bitcoin Up For Grabs!\r\n\r\nComplete tasks on Binance to get a guaranteed Bitcoin payout and to enter a lucky draw.\r\n\r\nGet started  https://ter.li/Binance-Black-Friday', 'category': 'general', 'created_at': '2020-11-24T09:37:17.816Z', 'user': 'Darc', 'user_title': 'Marketing', 'pin': False, 'project': {'type': 'Market', 'id': 'binance', 'name': 'Binance', 'image': {'thumb': 'https://assets.coingecko.com/markets/images/52/thumb/binance.jpg?1519353250', 'small': 'https://assets.coingecko.com/markets/images/52/small/binance.jpg?1519353250', 'large': 'https://assets.coingecko.com/markets/images/52/large/binance.jpg?1519353250'}}}, {'description': 'Binance Weekly Report: Record BNB Burn at $68M\r\n\r\nRead here  https://ter.li/Binance-Report-October-23', 'category': 'general', 'created_at': '2020-10-27T08:40:53.429Z', 'user': 'Darc', 'user_title': 'Marketing', 'pin': False, 'project': {'type': 'Market', 'id': 'binance', 'name': 'Binance', 'image': {'thumb': 'https://assets.coingecko.com/markets/images/52/thumb/binance.jpg?1519353250', 'small': 'https://assets.coingecko.com/markets/images/52/small/binance.jpg?1519353250', 'large': 'https://assets.coingecko.com/markets/images/52/large/binance.jpg?1519353250'}}}, {'description': 'Introducing the Axie Infinity (AXS) Token Sale on Binance Launchpad\r\n\r\nLearn more  https://ter.li/AXS-Launchpad-', 'category': 'general', 'created_at': '2020-10-26T10:21:09.483Z', 'user': 'Darc', 'user_title': 'Marketing', 'pin': False, 'project': {'type': 'Market', 'id': 'binance', 'name': 'Binance', 'image': {'thumb': 'https://assets.coingecko.com/markets/images/52/thumb/binance.jpg?1519353250', 'small': 'https://assets.coingecko.com/markets/images/52/small/binance.jpg?1519353250', 'large': 'https://assets.coingecko.com/markets/images/52/large/binance.jpg?1519353250'}}}, {'description': 'Binance Weekly Report: Millions in Support of DeFi on BSC\r\n\r\n https://ter.li/Binance-Weekly-Report-Oct19', 'category': 'general', 'created_at': '2020-10-19T09:35:48.597Z', 'user': 'Darc', 'user_title': 'Marketing', 'pin': False, 'project': {'type': 'Market', 'id': 'binance', 'name': 'Binance', 'image': {'thumb': 'https://assets.coingecko.com/markets/images/52/thumb/binance.jpg?1519353250', 'small': 'https://assets.coingecko.com/markets/images/52/small/binance.jpg?1519353250', 'large': 'https://assets.coingecko.com/markets/images/52/large/binance.jpg?1519353250'}}}, {'description': 'Introducing the Injective Protocol (INJ) Token Sale on Binance Launchpad\r\n\r\nLearn more  https://ter.li/INJ--Launchpad ', 'category': 'general', 'created_at': '2020-10-12T09:11:29.099Z', 'user': 'Darc', 'user_title': 'Marketing', 'pin': False, 'project': {'type': 'Market', 'id': 'binance', 'name': 'Binance', 'image': {'thumb': 'https://assets.coingecko.com/markets/images/52/thumb/binance.jpg?1519353250', 'small': 'https://assets.coingecko.com/markets/images/52/small/binance.jpg?1519353250', 'large': 'https://assets.coingecko.com/markets/images/52/large/binance.jpg?1519353250'}}}, {'description': 'Binance Weekly Report: Innovate\r\n\r\nRead https://ter.li/Binance-Weekly-Report-Sep25', 'category': 'general', 'created_at': '2020-10-01T09:13:15.236Z', 'user': 'Darc', 'user_title': 'Marketing', 'pin': False, 'project': {'type': 'Market', 'id': 'binance', 'name': 'Binance', 'image': {'thumb': 'https://assets.coingecko.com/markets/images/52/thumb/binance.jpg?1519353250', 'small': 'https://assets.coingecko.com/markets/images/52/small/binance.jpg?1519353250', 'large': 'https://assets.coingecko.com/markets/images/52/large/binance.jpg?1519353250'}}}]"
